"Horodateur","A première vue, que ressentez-vous par rapport à ce site?","Que   pensez-vous de la page d'accueil?","Et la page pour en apprendre plus sur le théâtre?","Que dirait-vous de voir des extraits de spectacle?","Et si on tester un peu vos connaissances sur le théâtre en jouant au quiz?","Tout cela est bien mais ce serait mieux si on assister à un vrai spectacle!Comment trouvez-vous la page présentant le planning de spectacle?","Qu'est-ce que le site vous a invoqué?Comment vous sentez-vous?","Qu'est-ce qui est à améliorer, à ajouter, ou à enlever selon vous?","Si ce site est lancé, le visiteriez-vous? Le recommanderiez-vous?","Avez-vous autre choses à préciser?"
"2022/07/31 9:43:18 AM UTC+3","Ce n'est pas mal!","Intéressant!!!","Encore génial, l'image et le contenu est top","Allez hop, hâte de découvrir la suite","Quand même, c'est tentant!!","Après tout ce que j'ai vu, C'est décidé, je me laisserai bien tenter par un spectacle","Les images ","Agrandir l'image au Centre qui defile, pour Voir plus mieux le titre, sur l'image que sais tu du theatre? ","Oui","Non"
"2022/07/31 6:44:12 PM UTC+3","Waouh!!!Superbe!","Intéressant!!!","Encore génial, l'image et le contenu est top","Allez hop, hâte de découvrir la suite","Quand même, c'est tentant!!","Après tout ce que j'ai vu, C'est décidé, je me laisserai bien tenter par un spectacle","Le site est intéressant","Agrandir la police su texte","Oui","Non"
"2022/07/31 9:40:50 PM UTC+3","Waouh!!!Superbe!","Intéressant!!!","ok, d'accord!!","Allez hop, hâte de découvrir la suite","Quand même, c'est tentant!!","Après tout ce que j'ai vu, C'est décidé, je me laisserai bien tenter par un spectacle","Cela m'a beaucoup intriguée et m'a donné envie d'y tenté.","Ce serait encore cool si on pouvait y mettre un moyen d'y participer nous même où nous donner un idée de l'endroit où on peut y intégrer, apprendre et participer ; voir même en créer.","Oui sans hésiter.","Non"
"2022/08/01 1:59:03 PM UTC+3","Waouh!!!Superbe!","Intéressant!!!","ok, d'accord!!","Allez hop, hâte de découvrir la suite","Quand même, c'est tentant!!","Après tout ce que j'ai vu, C'est décidé, je me laisserai bien tenter par un spectacle","Je me sens bien, le site m'a invoqué une bien meilleure sensation","Rien, tout est parfait","Oui, je le visiterai et je le recommanderai","Non, rien à préciser merci"
"2022/08/01 2:03:41 PM UTC+3","Waouh!!!Superbe!","Intéressant!!!","ok, d'accord!!","Allez hop, hâte de découvrir la suite","Quand même, c'est tentant!!","Après tout ce que j'ai vu, C'est décidé, je me laisserai bien tenter par un spectacle","Le site est attirant,quelques points à préciser mais c'est intéressant","Augmenter un peu la police du texte sur la page le sais-tu?","Oui, bien sûr","Non"
"2022/08/01 2:07:19 PM UTC+3","Ce n'est pas mal!","Intéressant!!!","ok, d'accord!!","Allez hop, hâte de découvrir la suite","Quand même, c'est tentant!!","Après tout ce que j'ai vu, C'est décidé, je me laisserai bien tenter par un spectacle","Le site attire beaucoup les yeux et l'attention","Augmenter un peu la police des textes","Oui certainement","Non"
"2022/08/01 2:15:06 PM UTC+3","Waouh!!!Superbe!","Intéressant!!!","ok, d'accord!!","Allez hop, hâte de découvrir la suite","Quand même, c'est tentant!!","Après tout ce que j'ai vu, C'est décidé, je me laisserai bien tenter par un spectacle","Plaisant et attirant","Le texte n'est pas bien visible, la police est trop petit à mon goût","Oui","Non"
"2022/08/01 2:17:38 PM UTC+3","Ce n'est pas mal!","Intéressant!!!","ok, d'accord!!","Allez hop, hâte de découvrir la suite","Quand même, c'est tentant!!","Après tout ce que j'ai vu, C'est décidé, je me laisserai bien tenter par un spectacle","Les images sont très attirant, rien qu'à les voir je me suis plongé dedans","Tout est beau","Oui évidemment","Merci"
"2022/08/01 2:19:35 PM UTC+3","Waouh!!!Superbe!","Intéressant!!!","ok, d'accord!!","Allez hop, hâte de découvrir la suite","Quand même, c'est tentant!!","Après tout ce que j'ai vu, C'est décidé, je me laisserai bien tenter par un spectacle","Le site m'a fait voyager dans le théâtre rien qu'à voir les images","La police du texte est peut-être à augmenter un peu","Oui, c'est très tentant","Non"
"2022/08/01 2:21:07 PM UTC+3","Waouh!!!Superbe!","Intéressant!!!","Encore génial, l'image et le contenu est top","Allez hop, hâte de découvrir la suite","Quand même, c'est tentant!!","Après tout ce que j'ai vu, C'est décidé, je me laisserai bien tenter par un spectacle","C'est beau...très beau site avec les images","Tout est bien placé","Evidemment que oui","Non"
"2022/08/01 2:32:44 PM UTC+3","Waouh!!!Superbe!","Intéressant!!!","ok, d'accord!!","Allez hop, hâte de découvrir la suite","Quand même, c'est tentant!!","Après tout ce que j'ai vu, C'est décidé, je me laisserai bien tenter par un spectacle","Le site est génial, très bonne idée","Je ne vois pas très bien le texte, peut-être augmenter un peu la taille","Oui je le visiterai et le recommanderai","Non"
"2022/08/01 2:34:53 PM UTC+3","Waouh!!!Superbe!","Intéressant!!!","ok, d'accord!!","Allez hop, hâte de découvrir la suite","Quand même, c'est tentant!!","Après tout ce que j'ai vu, C'est décidé, je me laisserai bien tenter par un spectacle","Le site est intéressant","Rien, tout est beau","Oui bien sûr","Les images et les couleurs sont très bien choisis...c'est plaisant"