"Horodateur","Pensez-vous que la culture a son intérêt dans le quotidien du peuple?","Selon vous,  quel domaine est le moins accessible/ moins exploiter chez nous?","Sur un échelle de 1(Totalement inexploité/inaccessible) à 5(accessible/exploité), à  quel point ce domaine que vous avez choisi est-il inaccessible/inexploité?","Selon votre analyse, pourquoi ce domaine est-il moins accessible/moins exploite?","Si  on vous offre l'opportunité d'améliorer l'accès à ce domaine, que proposeriez-vous?"
"2022/07/26 3:23:56 PM UTC+3","Oui","Théatre","2","Pas assez de motivation du  peuple pour exploiter ce domaine","Eduquer les gens sur les intérêt de ce domaine, créer un centre pour permettre aux gens d'apprendre le théâtre et les motiver à le pratiquer"
"2022/07/26 3:37:23 PM UTC+3","Oui","Théatre","4","Pas assez de motivation du  peuple pour exploiter ce domaine","Je créerai un centre pour que les jeunes puissent s'épanouir sur leurs passions."
"2022/07/26 5:32:52 PM UTC+3","Oui","Théatre","2","Pas assez de motivation du  peuple pour exploiter ce domaine","Commencer l'apprentissage du théatre et de l'expression orale en particulier à l'école"
"2022/07/26 6:46:52 PM UTC+3","Non","Théatre","2","Pas assez de motivation du  peuple pour exploiter ce domaine","Sensibiliser les gens sur le bien fait qu'apporte ce domaine dans leur quotidien "
"2022/07/26 6:52:28 PM UTC+3","Oui","Théatre","1","Pas assez de sensibilisation du peuple sur les intérêts et profits apportés par ce domaine","Montrer aux gens par d'autres moyens son intérêt dans leur vie"
"2022/07/27 1:51:49 PM UTC+3","Oui","Lecture","3","Pas assez de motivation du  peuple pour exploiter ce domaine","Améliorer le prix des livres pour être plus accessible"
"2022/07/27 4:17:29 PM UTC+3","Oui","Lecture","1","Pas assez de motivation du  peuple pour exploiter ce domaine","Création des clubs de lecture "
"2022/07/27 8:24:05 PM UTC+3","Oui","Dessin et peinture","4","Pas assez de sensibilisation du peuple sur les intérêts et profits apportés par ce domaine","Organise un petit foire"
"2022/07/27 10:26:43 PM UTC+3","Oui","Lecture","1","Analphabétisme ","Construire plus d'école avec des frais abordables "
"2022/07/28 7:21:28 PM UTC+3","Oui","Théatre","3","Pas assez de motivation du  peuple pour exploiter ce domaine","Faire comprendre les valeurs du théatre aux gens en créant un centre"
"2022/07/28 7:22:31 PM UTC+3","Oui","Dessin et peinture","3","Pas assez de motivation du  peuple pour exploiter ce domaine","Créer un centre pour former et apprendre les bienfaits du dessin"
"2022/07/28 7:23:29 PM UTC+3","Oui","Théatre","2","Pas assez de sensibilisation du peuple sur les intérêts et profits apportés par ce domaine","Créer un centre pour favoriser les intérêts du théatre"
"2022/07/28 7:24:58 PM UTC+3","Oui","Théatre","2","Pas d'intérêts des gens sur ce domaine","Eduquer les gens sur les intérêts de ce domaine"
"2022/07/28 7:26:40 PM UTC+3","Oui","Théatre","2","Pas assez de motivation du  peuple pour exploiter ce domaine","Organiser des évènements pour montrer les bienfaits de ce domaine"
"2022/07/28 7:27:35 PM UTC+3","Oui","Dessin et peinture","3","Pas assez de sensibilisation du peuple sur les intérêts et profits apportés par ce domaine","Eduquer les gens pour mettre en valeur les bienfaits du dessin et peinture"
"2022/07/28 7:29:07 PM UTC+3","Oui","Théatre","2","Pas assez de motivation du  peuple pour exploiter ce domaine","Organiser un spectacle de théatre chaque semaine pour pouvoir montrer sa valeur"
"2022/07/28 7:30:15 PM UTC+3","Oui","Théatre","3","Pas assez de sensibilisation du peuple sur les intérêts et profits apportés par ce domaine","Eduquer les gens à propos des profits apportés par le théatre"